module, sensor, HDI, ROC0, ROC1, ROC2, ROC3, ROC4, ROC5, ROC6, ROC7, ROC8, ROC9, ROC10, ROC11, ROC12, ROC13, ROC14, ROC15,
M_BB_901, WL_BB_901, v1_0027, A7GMZVX 35B, A7GMZVX 16B, A7GMZVX 13B, A7GMZVX 12B, A7GMZVX 14B, A7GMZVX 15B, A7GMZVX 26B, A7GMZVX 24B, A7GMZVX 34B, A7GMZVX 32B, A7GMZVX 31B, A7GMZVX 33B, A7GMZVX 27B, A7GMZVX 25B, A7GMZVX 17B, A7GMZVX 23B, 
M_BB_902, WL_BB_902, 2-P13, 
P-A-3-45, WL_BB_905, YHC69-1015-3-45, SQSDPET 63A, SQSDPET 68A, SQSDPET 56B, SQSDPET 76B, SQSDPET 74B, SQSDPET 68D, SQSDPET 65B, SQSDPET 68C, SQSDPET 56C, SQSDPET 66C, SQSDPET 66D, SQSDPET 46B, SQSDPET 56A, SQSDPET 75D, SQSDPET 76A, SQSDPET 74A, 
M_BB_907, WL_BB_907, v1_0018, A7GMZVX 27C, A7GMZVX 28C, A7GMZVX 06C, A7GMZVX 04C, A7GMZVX 39C, A7GMZVX 40C, A7GMZVX 05C, A7GMZVX 38C, A7GMZVX 36C, A7GMZVX 37C, A7GMZVX 30C, A7GMZVX 52C, A7GMZVX 53C, A7GMZVX 50C, A7GMZVX 51C, A7GMZVX 03C, 
P-A-2-20, WL_BB_911, YHC69-1015-2-20, SRSDPDT 48C, SRSDPDT 47A, SRSDPDT 47C, SRSDPDT 55A, SRSDPDT 45A, SRSDPDT 45C, SRSDPDT 47D, SRSDPDT 45D, SRSDPDT 57C, SRSDPDT 46A, SRSDPDT 49A, SRSDPDT 49D, SRSDPDT 37A, SRSDPDT 39A, SRSDPDT 38A, SRSDPDT 48D, 
M_BB_913, WL_BB_913, v1_0051, A9GNO9X 62B, A9GNO9X 59B, A9GNO9X 63B, A9GNO9X 58B, A9GNO9X 53B, A9GNO9X 52B, A9GNO9X 67B, A9GNO9X 51B, A9GNO9X 64B, A9GNO9X 57B, A9GNO9X 65B, A9GNO9X 66B, A9GNO9X 56B, A9GNO9X 54B, A9GNO9X 36B, A9GNO9X 23B, 
P-A-3-13, WL_BB_914, YHC69-1015-3-13, SRSDPDT 43D, SRSDPDT 33D, SRSDPDT 64D, SRSDPDT 74C, SRSDPDT 34A, SRSDPDT 44C, SRSDPDT 44A, SRSDPDT 54C, SRSDPDT 53A, SRSDPDT 23D, SRSDPDT 53D, SRSDPDT 63D, SRSDPDT 14A, SRSDPDT 24C, SRSDPDT 14C, SRSDPDT 34C, 
M_BB_919, WL_BB_919, v1_0074, A9GNO9X 37C, A9GNO9X 34C, A9GNO9X 50A, A9GNO9X 51C, A9GNO9X 48A, A9GNO9X 38C, A9GNO9X 48C, A9GNO9X 44C, A9GNO9X 47A, A9GNO9X 46C, A9GNO9X 45C, A9GNO9X 32A, A9GNO9X 39A, A9GNO9X 36A, A9GNO9X 38A, A9GNO9X 47C, 
M_BB_922, WL_BB_922, 2-P37, , , , , , , , , , , , , , , , , 
M_BB_923, WL_BB_923, YGU25 1814 SN2-23, KNNZAQT 18B, KNNZAQT 15B, KNNZAQT 15D, KNNZAQT 15A, KNNZAQT 16A, KNNZAQT 16D, KNNZAQT 18C, KNNZAQT 21A, KNNZAQT 21C, KNNZAQT 17B, KNNZAQT 17D, KNNZAQT 16B, KNNZAQT 18D, KNNZAQT 17A, KNNZAQT 47A, KNNZAQT 16C, 
P-A-test2-test2, WL_BB_997, YHC69-1015-test2-test2, test, test, test, test, test, test, test, test, test, test, test, test, test, test, test, test, 
M_CL_901, WL_CL_901, v1_0019, A7GMZVX 05B, A7GMZVX 44B, A7GMZVX 30B, A7GMZVX 36B, A7GMZVX 37B, A7GMZVX 47B, A7GMZVX 41B, A7GMZVX 40B, A7GMZVX 38B, A7GMZVX 28B, A7GMZVX 51B, A7GMZVX 06B, A7GMZVX 03B, A7GMZVX 21B, A7GMZVX 04B, A7GMZVX 45B, 
M_CL_902, WL_CL_902, YGU25 1814 SN2-02, VGBIHTT 06B, VGBIHTT 38B, VGBIHTT 35B, VGBIHTT 30B, VGBIHTT 27B, VGBIHTT 29B, VGBIHTT 34B, VGBIHTT 43B, VGBIHTT 07B, VGBIHTT 22B, VGBIHTT 21B, VGBIHTT 18B, VGBIHTT 17B, VGBIHTT 16B, VGBIHTT 25B, VGBIHTT 26B, 
P-A-3-25, WL_CL_905, YHC69-1015-3-25, SRSDPDT 75B, SRSDPDT 52B, SRSDPDT 48B, SRSDPDT 26B, SRSDPDT 65B, SRSDPDT 45B, SRSDPDT 43B, SRSDPDT 30B, SRSDPDT 55B, SRSDPDT 42B, SRSDPDT 39B, SRSDPDT 49B, SRSDPDT 28B, SRSDPDT 35A, SRSDPDT 53B, SRSDPDT 39B, 
M_CL_907, WL_CL_907, YGU25 1814 SN1-18, AQGNOTX 59B, AQGNOTX 77B, AQGNOTX 49B, AQGNOTX 68B, AQGNOTX 72B, AQGNOTX 39B, AQGNOTX 03B, AQGNOTX 06B, AQGNOTX 12B, AQGNOTX 28B, AQGNOTX 17B, AQGNOTX 30B, AQGNOTX 21B, AQGNOTX 40B, AQGNOTX 50B, AQGNOTX 61B, 
P-A-2-33, WL_CL_911, YHC69-1015-2-33, 
M_CL_913, WL_CL_913, YGU25 1814 SN1-36, VGBIHTT 33C, VGBIHTT 16C, VGBIHTT 05C, VGBIHTT 28C, VGBIHTT 17C, VGBIHTT 22C, VGBIHTT 24C, VGBIHTT 36C, VGBIHTT 23C, VGBIHTT 37C, VGBIHTT 25C, VGBIHTT 40C, VGBIHTT 38C, VGBIHTT 18C, VGBIHTT 43C, VGBIHTT 35C, 
P-A-2-08, WL_CL_914, YHC69-1015-2-08, STSDRAT 52C , STSDRAT 51C, STSDRAT 53C, STSDRAT 57C, STSDRAT 35C, STSDRAT 58C, STSDRAT 55C, STSDRAT , STSDRAT 67C, STSDRAT 74C, STSDRAT 76C, STSDRAT 68C, STSDRAT 65C, STSDRAT 56C, STSDRAT 48C, STSDRAT 54C, 
P-A-2-07, WL_CL_915, YHC69-1015-2-7, STSDRAT 16C, STSDRAT 03C, STSDRAT 12C, STSDRAT 18C, STSDRAT 24C, STSDRAT 21C, STSDRAT 14C, STSDRAT 22C, STSDRAT 04C, STSDRAT 11C, STSDRAT 05C, STSDRAT 07C, STSDRAT 06C, STSDRAT 15C, STSDRAT 17C, STSDRAT 13C, 
M_CL_919, WL_CL_919, v1_0036, ADGMY7X 28A, ADGMY7X 49A, ADGMY7X 38C, ADGMY7X 58C, ADGMY7X 39A, ADGMY7X 41C, ADGMY7X 65C, ADGMY7X 37A, ADGMY7X 39C, ADGMY7X 67C, ADGMY7X 38A, ADGMY7X 48C, ADGMY7X 28C, ADGMY7X 50C, ADGMY7X 21C, ADGMY7X 58A, 
M_CL_923, WL_CL_923, v1_0043, ADGMY7X 25B, ADGMY7X 23B, ADGMY7X 17B, ADGMY7X 15B, ADGMY7X 16B, ADGMY7X 14B, ADGMY7X 13B, ADGMY7X 03B, ADGMY7X 21B, ADGMY7X 28B, ADGMY7X 26B, ADGMY7X 27B, ADGMY7X 05B, ADGMY7X 06B, ADGMY7X 24B, ADGMY7X 12B, 
M_CR_901, WL_CR_901, v1_0020, A7GMZVX 56B, A7GMZVX 55B, A7GMZVX 39B, A7GMZVX 57B, A7GMZVX 48B, A7GMZVX 43B, A7GMZVX 52B, A7GMZVX 53B, A7GMZVX 65B, A7GMZVX 68B, A7GMZVX 59B, A7GMZVX 58B, A7GMZVX 42B, A7GMZVX 50B, A7GMZVX 49B, A7GMZVX 54B, 
M_CR_902, WL_CR_902, YGU25 1814 SN2-26, VGBIHTT 34C, VGBIHTT 21C, VGBIHTT 44C, VGBIHTT 15C, VGBIHTT 45C, VGBIHTT 26C, VGBIHTT 30C, VGBIHTT 06C, VGBIHTT 07C, VGBIHTT 31C, VGBIHTT 41C, VGBIHTT 13C, VGBIHTT 03C, VGBIHTT 27C, VGBIHTT 39C, VGBIHTT 04C, 
M_CR_906, WL_CR_906, YGU25 1814 SN1-05, KNNZAQT 24A, KNNZAQT 25C, KNNZAQT 24B, KNNZAQT 24D, KNNZAQT 26C, KNNZAQT 25B, KNNZAQT 22C, KNNZAQT 23A, KNNZAQT 21B, KNNZAQT 22D, KNNZAQT 46B, KNNZAQT 47C, KNNZAQT 22B, KNNZAQT 24C, KNNZAQT 25A, KNNZAQT 25D, 
M_CR_913, WL_CR_913, YGU25 1814 SN1-19, VGBIHTT 12D, VGBIHTT 07D, VGBIHTT 40D, VGBIHTT 23D, VGBIHTT 28D, VGBIHTT 30D, VGBIHTT 37D, VGBIHTT 25D, VGBIHTT 44D, VGBIHTT 17D, VGBIHTT 43D, VGBIHTT 14D, VGBIHTT 35D, VGBIHTT 18D, VGBIHTT 26D, VGBIHTT 31D, 
P-A-2-23, WL_CR_914, YHC69-1015-2-23, SRSDPDT 75D, SRSDPDT 38C, SRSDPDT 39D, SRSDPDT 65A, SRSDPDT 76A, SRSDPDT 76C, SRSDPDT 28D, SRSDPDT 27C, SRSDPDT 35C, SRSDPDT 26D, SRSDPDT 26C, SRSDPDT 75A, SRSDPDT 35D, SRSDPDT 29D, SRSDPDT 29C, SRSDPDT 27D, 
P-A-3-43, WL_CR_915, YHC69-1015-3-43, STSDRAT 43D, STSDRAT 44D, STSDRAT 45D, STSDRAT 47D, STSDRAT 46D, STSDRAT 42D, STSDRAT 41D, STSDRAT 39D, STSDRAT 16D, STSDRAT 05D, STSDRAT 17D, STSDRAT 07D, STSDRAT 12D, STSDRAT 48D, STSDRAT 40D, STSDRAT 38D, 
M_CR_919, WL_CR_919, v1_0039, ADGMY7X 45A, ADGMY7X 35C, ADGMY7X 35A, ADGMY7X 25A, ADGMY7X 31C, ADGMY7X 41A, ADGMY7X 31A, ADGMY7X 56A, ADGMY7X 46C, ADGMY7X 21A, ADGMY7X 74C, ADGMY7X 64C, ADGMY7X 36A, ADGMY7X 76A, ADGMY7X 45C, ADGMY7X 46A, 
P-A-2-43, WL_CR_921, YHC69-1015-2-43, SQSDPET 18A, SQSDPET 18C, SQSDPET 26C, SQSDPET 25D, SQSDPET 26D, SQSDPET 28C, SQSDPET 29C, SQSDPET 27C, SQSDPET 27A, SQSDPET 26A, SQSDPET 39A, SQSDPET 28A, SQSDPET 27B, SQSDPET 26B, SQSDPET 18B, SQSDPET 36C, 
M_CR_922, WL_CR_922, 2-P28, 
P-50-02, WL_CR_950, 1815-1015-50-2, BBBBBBB 04B, BBBBBBB 11B, BBBBBBB 05B, BBBBBBB 07B, BBBBBBB 06B, BBBBBBB 15B, BBBBBBB 17B, BBBBBBB 13B, BBBBBBB 22B, BBBBBBB 14B, BBBBBBB 21B, BBBBBBB 24B, BBBBBBB 18B, BBBBBBB 12B, BBBBBBB 03B, BBBBBBB 16B, 
P-50-05, WL_CR_951, 1815-1015-50-5, DDDDDDD 04B, DDDDDDD 11B, DDDDDDD 05B, DDDDDDD 07B, DDDDDDD 06B, DDDDDDD 15B, DDDDDDD 17B, DDDDDDD 13B, DDDDDDD 22B, DDDDDDD 14B, DDDDDDD 21B, DDDDDDD 24B, DDDDDDD 18B, DDDDDDD 12B, DDDDDDD 03B, DDDDDDD 16B, 
M_FL_902, WL_FL_902, YGU25 1814 SN1-15, VGBIHTT 30A, VGBIHTT 29A, VGBIHTT 35A, VGBIHTT 36A, VGBIHTT 24A, VGBIHTT 39A, VGBIHTT 38A, VGBIHTT 40A, VGBIHTT 27A, VGBIHTT 26A, VGBIHTT 34A, VGBIHTT 33A, VGBIHTT 32A, VGBIHTT 25A, VGBIHTT 22A, VGBIHTT 23A, 
P-A-2-25, WL_FL_905, YHC69-1015-2-25, STSDRAT 68B, STSDRAT 59A, STSDRAT 59B, STSDRAT 59D, STSDRAT 49B, STSDRAT 49D, STSDRAT 67B, STSDRAT 67D, STSDRAT 64B, STSDRAT 74D, STSDRAT 66B, STSDRAT 75D, STSDRAT 65B, STSDRAT 75B, STSDRAT 76D, STSDRAT 76B, 
M_FL_906, WL_FL_906, YGU25 1814 SN2-14, KNNZAQT 18A, KNNZAQT 03D, KNNZAQT 14B, KNNZAQT 13C, KNNZAQT 12D, KNNZAQT 07A, KNNZAQT 05A, KNNZAQT 03B, KNNZAQT 47D, KNNZAQT 04A, KNNZAQT 03C, KNNZAQT 07C, KNNZAQT 11C, KNNZAQT 11B, KNNZAQT 14A, KNNZAQT 12B, 
M_FL_913, WL_FL_913, v1_0050, A9GNO9X 59A, A9GNO9X 58C, A9GNO9X 57A, A9GNO9X 56A, A9GNO9X 57C, A9GNO9X 56C, A9GNO9X 52C, A9GNO9X 53A, A9GNO9X 55C, A9GNO9X 54C, A9GNO9X 55A, A9GNO9X 52A, A9GNO9X 61A, A9GNO9X 62A, A9GNO9X 59C, A9GNO9X 58A, 
P-A-3-14, WL_FL_916, YHC69-1015-3-14, SQSDPET 53D, SQSDPET 51A, SQSDPET 54A, SQSDPET 65D, SQSDPET 62C, SQSDPET 62D, SQSDPET 55A, SQSDPET 52A, SQSDPET 54D, SQSDPET 65C, SQSDPET 55B, SQSDPET 57C, SQSDPET 57B, SQSDPET 57A, SQSDPET 63C, SQSDPET 24D, 
M_FL_919, WL_FL_919, v1_0034, ADGMY7X 51C, ADGMY7X 34C, ADGMY7X 12C, ADGMY7X 44C, ADGMY7X 64A, ADGMY7X 54C, ADGMY7X 54A, ADGMY7X 49C, ADGMY7X 48A, ADGMY7X 40A, ADGMY7X 40C, ADGMY7X 67A, ADGMY7X 30C, ADGMY7X 44A, ADGMY7X 51A, ADGMY7X 12A, 
P-A-2-34, WL_FL_921, YHC69-1015-2-34, SQSDPET 30A, SQSDPET 05B, SQSDPET 31C, SQSDPET 15D, SQSDPET 40C, SQSDPET 31B, SQSDPET 32A, SQSDPET 16C, SQSDPET 05C, SQSDPET 31D, SQSDPET 42A, SQSDPET 04C, SQSDPET 21A, SQSDPET 34C, SQSDPET 17C, SQSDPET 32C, 
M_FL_922, WL_FL_922, 30598 YGX14 3014 SN3-P47, ADGNOQX 05B, ADGNOQX 37B, ADGNOQX 38B, ADGNOQX 46B, ADGNOQX 47B, ADGNOQX 43B, ADGNOQX 45B, ADGNOQX 34B, ADGNOQX 52B, ADGNOQX 48B, ADGNOQX 35B, ADGNOQX 50B, ADGNOQX 39B, ADGNOQX 41B, ADGNOQX 42B, ADGNOQX 36B, 
M_FL_923, WL_FL_923, v1_0084, A9GNO9X 28B, A9GNO9X 35B, A9GNO9X 38B, A9GNO9X 33B, A9GNO9X 34B, A9GNO9X 31B, A9GNO9X 30B, A9GNO9X 40B, A9GNO9X 41B, A9GNO9X 48B, A9GNO9X 47B, A9GNO9X 46B, A9GNO9X 50B, A9GNO9X 42B, A9GNO9X 44B, A9GNO9X 49B, 
P-50-03, WL_FL_950, 1815-1015-50-3, AAAAAAA 25B, AAAAAAA 23B, AAAAAAA 42B, AAAAAAA 40B, AAAAAAA 35B, AAAAAAA 36B, AAAAAAA 30B, AAAAAAA 44B, AAAAAAA 46B, AAAAAAA 43B, AAAAAAA 31B, AAAAAAA 33B, AAAAAAA 29B, AAAAAAA 26B, AAAAAAA 34B, AAAAAAA 27B, 
M_FR_901, WL_FR_901, v1_0021, A7GMZVX 75C, A7GMZVX 76C, A7GMZVX 65C, A7GMZVX 73C, A7GMZVX 57C, A7GMZVX 54C, A7GMZVX 56C, A7GMZVX 61C, A7GMZVX 59C, A7GMZVX 58C, A7GMZVX 67C, A7GMZVX 66C, A7GMZVX 74C, A7GMZVX 72C, A7GMZVX 77C, A7GMZVX 55C, 
M_FR_902, WL_FR_902, 30598 YGX14 3014 SN2-P14, A9GNO9X 39C, A9GNO9X 63C, A9GNO9X 77C, A9GNO9X 65C, A9GNO9X 74C, A9GNO9X 66C, A9GNO9X 75C, A9GNO9X 61C, A9GNO9X 68C, A9GNO9X 76C, A9GNO9X 64C, A9GNO9X 62C, A9GNO9X 73C, A9GNO9X 72C, A9GNO9X 53C, A9GNO9X 67C, 
P-A-2-37, WL_FR_905, YHC69-1015-2-37, SRSDPDT 17D, SRSDPDT 52C, SRSDPDT 62A, SRSDPDT 42A, SRSDPDT 41D, SRSDPDT 41C, SRSDPDT 41A, SRSDPDT 51C, SRSDPDT 40C, SRSDPDT 30A, SRSDPDT 40D, SRSDPDT 31C, SRSDPDT 30D, SRSDPDT 31A, SRSDPDT 51D, SRSDPDT 51A, 
M_FR_906, WL_FR_906, YGU25 1814 SN1-13, VGBIHTT 47A, VGBIHTT 51A, VGBIHTT 52A, VGBIHTT 53A, VGBIHTT 55A, VGBIHTT 57A, VGBIHTT 54A, VGBIHTT 43A, VGBIHTT 56A, VGBIHTT 62A, VGBIHTT 48A, VGBIHTT 49A, VGBIHTT 44A, VGBIHTT 46A, VGBIHTT 45A, VGBIHTT 42A, 
P-A-3-22, WL_FR_911, YHC69-1015-3-22, 
M_FR_913, WL_FR_913, 30598 YGX14 3014 SN2-P47, A9GNO9X 66A, A9GNO9X 67A, A9GNO9X 65A, A9GNO9X 72A, A9GNO9X 75A, A9GNO9X 74A, A9GNO9X 14C, A9GNO9X 24C, A9GNO9X 12C, A9GNO9X 49A, A9GNO9X 49C, A9GNO9X 64A, A9GNO9X 76A, A9GNO9X 68A, A9GNO9X 77A, A9GNO9X 73A, 
P-A-3-41, WL_FR_914, YHC69-1015-3-41, SRSDPDT 25D, SRSDPDT 15D, SRSDPDT 15B, SRSDPDT 25C, SRSDPDT 05B, SRSDPDT 15C, SRSDPDT 05C, SRSDPDT 07C, SRSDPDT 03D, SRSDPDT 06C, SRSDPDT 03C, SRSDPDT 05D, SRSDPDT 18A, SRSDPDT 07A, SRSDPDT 06D, SRSDPDT 04C, 
P-A-3-34, WL_FR_915, YHC69-1015-3-34, STSDRAT 25D, STSDRAT 35D, STSDRAT 03D, STSDRAT 36D, STSDRAT 15D, STSDRAT 18D, STSDRAT 21D, STSDRAT 34D, STSDRAT 26D, STSDRAT 13D, STSDRAT 30D, STSDRAT 29D, STSDRAT 14D, STSDRAT 04D, STSDRAT 32D, STSDRAT 27D, 
P-A-3-37, WL_FR_916, YHC69-1015-3-37, SQSDPET 49D, SQSDPET 49C, SQSDPET 45B, SQSDPET 49B, SQSDPET 47B, SQSDPET 41A, SQSDPET 42B, SQSDPET 45D, SQSDPET 40D, SQSDPET 44D, SQSDPET 41C, SQSDPET 47A, SQSDPET 44C, SQSDPET 44A, SQSDPET 45C, SQSDPET 53A, 
M_FR_922, WL_FR_922, 2-P33, , , , , , , , , , , , , , , , , 
M_LL_901, WL_LL_901, v1_0026, A7GMZVX 16C, A7GMZVX 45C, A7GMZVX 41C, A7GMZVX 41A, A7GMZVX 42A, A7GMZVX 17C, A7GMZVX 44A, A7GMZVX 44C, A7GMZVX 43C, A7GMZVX 43A, A7GMZVX 46A, A7GMZVX 46C, A7GMZVX 48A, A7GMZVX 47A, A7GMZVX 48C, A7GMZVX 47C, 
M_LL_902, WL_LL_902, YGU25 1814 SN2-22, VGBIHTT 12B, VGBIHTT 11B, VGBIHTT 04B, VGBIHTT 13B, VGBIHTT 05B, VGBIHTT 42B, VGBIHTT 15B, VGBIHTT 23B, VGBIHTT 33B, VGBIHTT 32B, VGBIHTT 40B, VGBIHTT 41B, VGBIHTT 31B, VGBIHTT 39B, VGBIHTT 28B, VGBIHTT 24B, 
M_LL_906, WL_LL_906, YGU25 1814 SN2-24, KNNZAQT 13D, KNNZAQT 11D, KNNZAQT 06A, KNNZAQT 05C, KNNZAQT 05D, KNNZAQT 14C, KNNZAQT 12A, KNNZAQT 13B, KNNZAQT 12C, KNNZAQT 07D, KNNZAQT 15C, KNNZAQT 13A, KNNZAQT 11A, KNNZAQT 07B, KNNZAQT 05B, KNNZAQT 04B, 
P-A-3-35, WL_LL_912, YHC69-1015-3-35, SRSDPDT 13C, SRSDPDT 13A, SRSDPDT 62D, SRSDPDT 22D, SRSDPDT 12D, SRSDPDT 21C, SRSDPDT 22A, SRSDPDT 32C, SRSDPDT 21B, SRSDPDT 11B, SRSDPDT 21A, SRSDPDT 22C, SRSDPDT 12B, SRSDPDT 32D, SRSDPDT 23C, SRSDPDT 03A, 
P-A-3-42, WL_LL_914, YHC69-1015-3-42, STSDRAT 75A, STSDRAT 74A, STSDRAT 52A, STSDRAT 47A, STSDRAT 55A, STSDRAT 58A, STSDRAT 53A, STSDRAT 65A, STSDRAT 76A, STSDRAT 63A, STSDRAT 54A, STSDRAT 56A, STSDRAT 67A, STSDRAT 64A, STSDRAT 49A, STSDRAT 62A, 
P-A-2-04, WL_LL_915, YHC69-1015-2-04, STSDRAT 25B, STSDRAT 23B, STSDRAT 42B
, STSDRAT 40B, STSDRAT 35B, STSDRAT 36B, STSDRAT 30B, STSDRAT 44B

 , STSDRAT 46B, STSDRAT 43B, STSDRAT 31B, STSDRAT 33B, STSDRAT 29B, STSDRAT 26B, STSDRAT 34B, STSDRAT 27B, 
M_LL_919, WL_LL_919, v1_0040, ADGMY7X 65A, ADGMY7X 27A, ADGMY7X 36A, ADGMY7X 75A, ADGMY7X 77A, ADGMY7X 66A, ADGMY7X 50A, ADGMY7X 73A, ADGMY7X 57C, ADGMY7X 47A, ADGMY7X 37C, ADGMY7X 66C, ADGMY7X 74A, ADGMY7X 57A, ADGMY7X 56C, ADGMY7X 47C, 
M_LL_922, WL_LL_922, 30598 YGX14 3014 SN3-P8, ADGNOQX 75B, ADGNOQX 66B, ADGNOQX 74B, ADGNOQX 59B, ADGNOQX 73B, ADGNOQX 62B, ADGNOQX 72B, ADGNOQX 63B, ADGNOQX 53B, ADGNOQX 54B, ADGNOQX 57B, ADGNOQX 56A, ADGNOQX 58B, ADGNOQX 61B, ADGNOQX 65B, ADGNOQX 64B, 
M_LL_923, WL_LL_923, YGU25 1814 SN1-07, A9GNO9X 03B, A9GNO9X 05B, A9GNO9X 12B, A9GNO9X 15B, A9GNO9X 13B, A9GNO9X 14B, A9GNO9X 24B, A9GNO9X 26B, A9GNO9X 25B, A9GNO9X 22B, A9GNO9X 16B, A9GNO9X 32B, A9GNO9X 21B, A9GNO9X 27B, A9GNO9X 04B, A9GNO9X 17B, 
P-A-test-test, WL_LL_997, YHC69-1015-test-test, test15, test13, test11, test9, test7, test5, test3, test1, test2, test4, test6, test8, test10, test12, test14, test16, 
M_RR_901, WL_RR_901, v1_0037, A7GMZVX 03A, A7GMZVX 37A, A7GMZVX 36A, A7GMZVX 04A, A7GMZVX 50A, A7GMZVX 46A, A7GMZVX 51A, A7GMZVX 52A, A7GMZVX 30A, A7GMZVX 27A, A7GMZVX 05A, A7GMZVX 06A , A7GMZVX 28A, A7GMZVX 40A, A7GMZVX 39A , A7GMZVX 38A, 
P-A-3-26, WL_RR_905, YHC69-1015-3-26, STSDRAT 65D, STSDRAT 74B, STSDRAT 62D, STSDRAT 63D, STSDRAT 64D, STSDRAT 62B, STSDRAT 63B, STSDRAT 38B, STSDRAT 37B, STSDRAT 57A, STSDRAT 66A, STSDRAT 32B, STSDRAT 41B, STSDRAT 37A, STSDRAT 39B, STSDRAT 11C, 
M_RR_906, WL_RR_906, YGU25 1814 SN1-09, VGBIHTT 62B, VGBIHTT 48B, VGBIHTT 49B, VGBIHTT 58B, VGBIHTT 55B, VGBIHTT 52B, VGBIHTT 45B, VGBIHTT 51B, VGBIHTT 54B, VGBIHTT 46B, VGBIHTT 53B, VGBIHTT 44B, VGBIHTT 47B, VGBIHTT 56B, VGBIHTT 59B, VGBIHTT 57B, 
P-A-3-06, WL_RR_911, YHC69-1015-3-06, 
P-A-3-02, WL_RR_912, YHC69-1015-3-2, SRSDPDT 13B, SRSDPDT 23A, SRSDPDT 33A, SRSDPDT 52D, SRSDPDT 32A, SRSDPDT 11D, SRSDPDT 33C, SRSDPDT 43A, SRSDPDT 13D, SRSDPDT 42C, SRSDPDT 12C, SRSDPDT 63C, SRSDPDT 63A, SRSDPDT 76D, SRSDPDT 28C, SRSDPDT 16D, 
M_RR_913, WL_RR_913, YGU25 1814 SN1-29, VGBIHTT 05D, VGBIHTT 38D, VGBIHTT 22D, VGBIHTT 45D, VGBIHTT 33D, VGBIHTT 32D, VGBIHTT 39D, VGBIHTT 27D, VGBIHTT 36D, VGBIHTT 16D, VGBIHTT 11D, VGBIHTT 41D, VGBIHTT 46D, VGBIHTT 21D, VGBIHTT 29D, VGBIHTT 06D, 
P-A-2-22, WL_RR_914, YHC69-1015-2-22, SRSDPDT 07B, SRSDPDT 18C, SRSDPDT 18B, SRSDPDT 18D, SRSDPDT 06B, SRSDPDT 07D, SRSDPDT 36C, SRSDPDT 29A, SRSDPDT 55D, SRSDPDT 56C, SRSDPDT 37D, SRSDPDT 37C, SRSDPDT 27A, SRSDPDT 28A, SRSDPDT 36D, SRSDPDT 36A, 
P-A-2-42, WL_RR_915, YHC69-1015-2-42, STSDRAT 32C, STSDRAT 43C, STSDRAT 44C, STSDRAT 46C, STSDRAT 48C, STSDRAT 45C, STSDRAT 41C, STSDRAT 42C, STSDRAT 37C, STSDRAT 36C, STSDRAT 38C, STSDRAT 39C, STSDRAT 31C, STSDRAT 34C, STSDRAT 29C, STSDRAT 40C, 
M_RR_922, WL_RR_922, 2-P29, 
M_RR_923, WL_RR_923, YGU25 1814 SN1-23, A7GMZVX 54A, AQGNOTX 64A, AQGNOTX 64C, AQGNOTX 66C, AQGNOTX 65A, AQGNOTX 65C, AQGNOTX 66A, AQGNOTX 67C, AQGNOTX 74C, AQGNOTX 74A, AQGNOTX 73A, AQGNOTX 76C, AQGNOTX 75A, AQGNOTX 73C, AQGNOTX 76A, A7GMZVX 53A, 
P-50-01, WL_RR_950, 1815-1015-50-1, BBBBBBB 25B, BBBBBBB 23B, BBBBBBB 42B, BBBBBBB 40B, BBBBBBB 35B, BBBBBBB 36B, BBBBBBB 30B, BBBBBBB 44B, BBBBBBB 46B, BBBBBBB 43B, BBBBBBB 31B, BBBBBBB 33B, BBBBBBB 29B, BBBBBBB 26B, BBBBBBB 34B, BBBBBBB 27B, 
P-50-06, WL_RR_951, 1815-1015-50-6, DDDDDDD 25B, DDDDDDD 23B, DDDDDDD 42B, DDDDDDD 40B, DDDDDDD 35B, DDDDDDD 36B, DDDDDDD 30B, DDDDDDD 44B, DDDDDDD 46B, DDDDDDD 43B, DDDDDDD 31B, DDDDDDD 33B, DDDDDDD 29B, DDDDDDD 26B, DDDDDDD 34B, DDDDDDD 27B, 
M_TT_902, WL_TT_902, YGU25 1814 SN1-22, VGBIHTT 05A, VGBIHTT 11A, VGBIHTT 12A, VGBIHTT 06A, VGBIHTT 04A, VGBIHTT 03A, VGBIHTT 21A, VGBIHTT 18A, VGBIHTT 41A, VGBIHTT 15A, VGBIHTT 16A, VGBIHTT 31A, VGBIHTT 17A, VGBIHTT 14A, VGBIHTT 07A, VGBIHTT 13A, 
P-A-2-35, WL_TT_912, YHC69-1015-2-35, SRSDPDT 05A, SRSDPDT 15A, SRSDPDT 39C, SRSDPDT 56D, SRSDPDT 25A, SRSDPDT 38D, SRSDPDT 23B, SRSDPDT 54A, SRSDPDT 17A, SRSDPDT 16A, SRSDPDT 16C, SRSDPDT 16B, SRSDPDT 17B, SRSDPDT 17C, SRSDPDT 64C, SRSDPDT 55C, 
P-A-3-36, WL_TT_915, YHC69-1015-3-36, STSDRAT 16B, STSDRAT 03B, STSDRAT 12B, STSDRAT 18B, STSDRAT 24B, STSDRAT 21B, STSDRAT 14B, STSDRAT 22B, STSDRAT 04B, STSDRAT 11B, STSDRAT 05B, STSDRAT 07B, STSDRAT 06B, STSDRAT 15B, STSDRAT 17B, STSDRAT 13B, 
P-A-2-36, WL_TT_916, YHC69-1015-2-36, SQSDPET 55D, SQSDPET 53C, SQSDPET 52D, SQSDPET 52C, SQSDPET 53B, SQSDPET 57D, SQSDPET 63D, SQSDPET 54C, SQSDPET 58C, SQSDPET 24A, SQSDPET 59D, SQSDPET 64C, SQSDPET 51D, SQSDPET 55C, SQSDPET 64D, SQSDPET 58D, 
M_TT_919, WL_TT_919, v1_0078, A9GNO9X 28A, A9GNO9X 05A, A9GNO9X 06A, A9GNO9X 14A, A9GNO9X 27A, A9GNO9X 04A, A9GNO9X 27C, A9GNO9X 13A, A9GNO9X 03C, A9GNO9X 06C, A9GNO9X 15A, A9GNO9X 13C, A9GNO9X 05C, A9GNO9X 03A, A9GNO9X 28C, A9GNO9X 04C, 
P-A-3-15, WL_TT_921, YHC69-1015-3-15, SQSDPET 28B, SQSDPET 36D, SQSDPET 37D, SQSDPET 27D, SQSDPET 24B, SQSDPET 39D, SQSDPET 39C, SQSDPET 34D, SQSDPET 25A, SQSDPET 39A, SQSDPET 38D, SQSDPET 38C, SQSDPET 37C, SQSDPET 38A, SQSDPET 38B, SQSDPET 35D, 
M_TT_922, WL_TT_922, 30598 YGX14 3014 SN3-P28, ADGNOQX 31B, ADGNOQX 25B, ADGNOQX 28B, ADGNOQX 26B, ADGNOQX 32B, ADGNOQX 17B, ADGNOQX 24B, ADGNOQX 13B, ADGNOQX 15B, ADGNOQX 06B, ADGNOQX 23B, ADGNOQX 30B, ADGNOQX 22B, ADGNOQX 27B, ADGNOQX 03B, ADGNOQX 21B, 
M_TT_923, WL_TT_923, v1_0035, AQGNOTX 57C, AQGNOTX 57A, AQGNOTX 56C, AQGNOTX 56A, AQGNOTX 51C, AQGNOTX 53A, AQGNOTX 58C, AQGNOTX 62A, AQGNOTX 63C, AQGNOTX 63A, AQGNOTX 58A, AQGNOTX 55A, AQGNOTX 55C, AQGNOTX 51A, AQGNOTX 42C, AQGNOTX 52C, 
P-50-04, WL_TT_950, 1815-1015-50-4, AAAAAAA 04B, AAAAAAA 11B, AAAAAAA 05B, AAAAAAA 07B, AAAAAAA 06B, AAAAAAA 15B, AAAAAAA 17B, AAAAAAA 13B, AAAAAAA 22B, AAAAAAA 14B, AAAAAAA 21B, AAAAAAA 24B, AAAAAAA 18B, AAAAAAA 12B, AAAAAAA 03B, AAAAAAA 16B, 
